fold,score
1,0.951186630051121
2,0.9532032156173423
3,0.9522682892548059
4,0.9531002937560897
5,0.9518718292651015
