feature,importance
redshift,25.825552547027453
alpha,11.595931273956827
delta,9.910390308573739
griz,9.53753748326515
z,5.093386577885727
ugri,4.933078765825465
u_g,4.834121640230422
r_i,4.465452006080953
g_r,4.084412889982561
g,3.7808370815786905
i_z,3.758097831281198
u,3.34079897140024
r,3.1008752134980937
i,2.972598807464105
redshift_log,2.485227318980716
spectral_type,0.2194895480713171
galaxy_population,0.06221173489733626
