mean_cv,std_cv
0.9580408457535938,0.0007706139656894346
