fold,score
1,0.9569585917341775
2,0.95919005833421
3,0.9578255312778118
4,0.9578889271734857
5,0.9585976405460089
