mean_cv,std_cv
0.9580376510819122,0.0009153306330528553
