fold,score
1,0.9569487156452334
2,0.9594800301597877
3,0.9578630553894647
4,0.957286246707801
5,0.9586102075072734
