mean_cv,std_cv
0.9579989003942458,0.0007304562550210112
