mean_cv,std_cv
0.9578866332566779,0.0007439150352257876
