mean_cv,std_cv
0.9578899125665479,0.0007517381454666782
