mean_cv,std_cv
0.9579640267072409,0.0007338433054648248
