fold,score
1,0.9568036291217649
2,0.9580113842853892
3,0.9568889645984404
4,0.9567968441103606
5,0.9581244549079315
